{
"products":
[{"id":1,"ProductName":"Chai","UnitPrice":18.0000,"UnitsInStock":39,"Suppliers":[{"CompanyName":"Exotic Liquids"}]},{"id":2,"ProductName":"Chang","UnitPrice":19.0000,"UnitsInStock":17,"Suppliers":[{"CompanyName":"Exotic Liquids"}]},{"id":3,"ProductName":"Aniseed Syrup","UnitPrice":10.0000,"UnitsInStock":13,"Suppliers":[{"CompanyName":"Exotic Liquids"}]},{"id":4,"ProductName":"Chef Anton's Cajun Seasoning","UnitPrice":22.0000,"UnitsInStock":53,"Suppliers":[{"CompanyName":"New Orleans Cajun Delights"}]},{"id":5,"ProductName":"Chef Anton's Gumbo Mix","UnitPrice":21.3500,"UnitsInStock":0,"Suppliers":[{"CompanyName":"New Orleans Cajun Delights"}]},{"id":6,"ProductName":"Grandma's Boysenberry Spread","UnitPrice":25.0000,"UnitsInStock":120,"Suppliers":[{"CompanyName":"Grandma Kelly's Homestead"}]},{"id":7,"ProductName":"Uncle Bob's Organic Dried Pears","UnitPrice":30.0000,"UnitsInStock":15,"Suppliers":[{"CompanyName":"Grandma Kelly's Homestead"}]},{"id":8,"ProductName":"Northwoods Cranberry Sauce","UnitPrice":40.0000,"UnitsInStock":6,"Suppliers":[{"CompanyName":"Grandma Kelly's Homestead"}]},{"id":9,"ProductName":"Mishi Kobe Niku","UnitPrice":97.0000,"UnitsInStock":29,"Suppliers":[{"CompanyName":"Tokyo Traders"}]},{"id":10,"ProductName":"Ikura","UnitPrice":31.0000,"UnitsInStock":31,"Suppliers":[{"CompanyName":"Tokyo Traders"}]},{"id":11,"ProductName":"Queso Cabrales","UnitPrice":21.0000,"UnitsInStock":22,"Suppliers":[{"CompanyName":"Cooperativa de Quesos 'Las Cabras'"}]},{"id":12,"ProductName":"Queso Manchego La Pastora","UnitPrice":38.0000,"UnitsInStock":86,"Suppliers":[{"CompanyName":"Cooperativa de Quesos 'Las Cabras'"}]},{"id":13,"ProductName":"Konbu","UnitPrice":6.0000,"UnitsInStock":24,"Suppliers":[{"CompanyName":"Mayumi's"}]},{"id":14,"ProductName":"Tofu","UnitPrice":23.2500,"UnitsInStock":35,"Suppliers":[{"CompanyName":"Mayumi's"}]},{"id":15,"ProductName":"Genen Shouyu","UnitPrice":15.5000,"UnitsInStock":39,"Suppliers":[{"CompanyName":"Mayumi's"}]},{"id":16,"ProductName":"Pavlova","UnitPrice":17.4500,"UnitsInStock":29,"Suppliers":[{"CompanyName":"Pavlova, Ltd."}]},{"id":17,"ProductName":"Alice Mutton","UnitPrice":39.0000,"UnitsInStock":0,"Suppliers":[{"CompanyName":"Pavlova, Ltd."}]},{"id":18,"ProductName":"Carnarvon Tigers","UnitPrice":62.5000,"UnitsInStock":42,"Suppliers":[{"CompanyName":"Pavlova, Ltd."}]},{"id":19,"ProductName":"Teatime Chocolate Biscuits","UnitPrice":9.2000,"UnitsInStock":25,"Suppliers":[{"CompanyName":"Specialty Biscuits, Ltd."}]},{"id":20,"ProductName":"Sir Rodney's Marmalade","UnitPrice":81.0000,"UnitsInStock":40,"Suppliers":[{"CompanyName":"Specialty Biscuits, Ltd."}]},{"id":21,"ProductName":"Sir Rodney's Scones","UnitPrice":10.0000,"UnitsInStock":3,"Suppliers":[{"CompanyName":"Specialty Biscuits, Ltd."}]},{"id":22,"ProductName":"Gustaf's Knäckebröd","UnitPrice":21.0000,"UnitsInStock":104,"Suppliers":[{"CompanyName":"PB Knäckebröd AB"}]},{"id":23,"ProductName":"Tunnbröd","UnitPrice":9.0000,"UnitsInStock":61,"Suppliers":[{"CompanyName":"PB Knäckebröd AB"}]},{"id":24,"ProductName":"Guaraná Fantástica","UnitPrice":4.5000,"UnitsInStock":20,"Suppliers":[{"CompanyName":"Refrescos Americanas LTDA"}]},{"id":25,"ProductName":"NuNuCa Nuß-Nougat-Creme","UnitPrice":14.0000,"UnitsInStock":76,"Suppliers":[{"CompanyName":"Heli Süßwaren GmbH & Co. KG"}]},{"id":26,"ProductName":"Gumbär Gummibärchen","UnitPrice":31.2300,"UnitsInStock":15,"Suppliers":[{"CompanyName":"Heli Süßwaren GmbH & Co. KG"}]},{"id":27,"ProductName":"Schoggi Schokolade","UnitPrice":43.9000,"UnitsInStock":49,"Suppliers":[{"CompanyName":"Heli Süßwaren GmbH & Co. KG"}]},{"id":28,"ProductName":"Rössle Sauerkraut","UnitPrice":45.6000,"UnitsInStock":26,"Suppliers":[{"CompanyName":"Plutzer Lebensmittelgroßmärkte AG"}]},{"id":29,"ProductName":"Thüringer Rostbratwurst","UnitPrice":123.7900,"UnitsInStock":0,"Suppliers":[{"CompanyName":"Plutzer Lebensmittelgroßmärkte AG"}]},{"id":30,"ProductName":"Nord-Ost Matjeshering","UnitPrice":25.8900,"UnitsInStock":10,"Suppliers":[{"CompanyName":"Nord-Ost-Fisch Handelsgesellschaft mbH"}]},{"id":31,"ProductName":"Gorgonzola Telino","UnitPrice":12.5000,"UnitsInStock":0,"Suppliers":[{"CompanyName":"Formaggi Fortini s.r.l."}]},{"id":32,"ProductName":"Mascarpone Fabioli","UnitPrice":32.0000,"UnitsInStock":9,"Suppliers":[{"CompanyName":"Formaggi Fortini s.r.l."}]},{"id":33,"ProductName":"Geitost","UnitPrice":2.5000,"UnitsInStock":112,"Suppliers":[{"CompanyName":"Norske Meierier"}]},{"id":34,"ProductName":"Sasquatch Ale","UnitPrice":14.0000,"UnitsInStock":111,"Suppliers":[{"CompanyName":"Bigfoot Breweries"}]},{"id":35,"ProductName":"Steeleye Stout","UnitPrice":18.0000,"UnitsInStock":20,"Suppliers":[{"CompanyName":"Bigfoot Breweries"}]},{"id":36,"ProductName":"Inlagd Sill","UnitPrice":19.0000,"UnitsInStock":112,"Suppliers":[{"CompanyName":"Svensk Sjöföda AB"}]},{"id":37,"ProductName":"Gravad lax","UnitPrice":26.0000,"UnitsInStock":11,"Suppliers":[{"CompanyName":"Svensk Sjöföda AB"}]},{"id":38,"ProductName":"Côte de Blaye","UnitPrice":263.5000,"UnitsInStock":17,"Suppliers":[{"CompanyName":"Aux joyeux ecclésiastiques"}]},{"id":39,"ProductName":"Chartreuse verte","UnitPrice":18.0000,"UnitsInStock":69,"Suppliers":[{"CompanyName":"Aux joyeux ecclésiastiques"}]},{"id":40,"ProductName":"Boston Crab Meat","UnitPrice":18.4000,"UnitsInStock":123,"Suppliers":[{"CompanyName":"New England Seafood Cannery"}]},{"id":41,"ProductName":"Jack's New England Clam Chowder","UnitPrice":9.6500,"UnitsInStock":85,"Suppliers":[{"CompanyName":"New England Seafood Cannery"}]},{"id":42,"ProductName":"Singaporean Hokkien Fried Mee","UnitPrice":14.0000,"UnitsInStock":26,"Suppliers":[{"CompanyName":"Leka Trading"}]},{"id":43,"ProductName":"Ipoh Coffee","UnitPrice":46.0000,"UnitsInStock":17,"Suppliers":[{"CompanyName":"Leka Trading"}]},{"id":44,"ProductName":"Gula Malacca","UnitPrice":19.4500,"UnitsInStock":27,"Suppliers":[{"CompanyName":"Leka Trading"}]},{"id":45,"ProductName":"Rogede sild","UnitPrice":9.5000,"UnitsInStock":5,"Suppliers":[{"CompanyName":"Lyngbysild"}]},{"id":46,"ProductName":"Spegesild","UnitPrice":12.0000,"UnitsInStock":95,"Suppliers":[{"CompanyName":"Lyngbysild"}]},{"id":47,"ProductName":"Zaanse koeken","UnitPrice":9.5000,"UnitsInStock":36,"Suppliers":[{"CompanyName":"Zaanse Snoepfabriek"}]},{"id":48,"ProductName":"Chocolade","UnitPrice":12.7500,"UnitsInStock":15,"Suppliers":[{"CompanyName":"Zaanse Snoepfabriek"}]},{"id":49,"ProductName":"Maxilaku","UnitPrice":20.0000,"UnitsInStock":10,"Suppliers":[{"CompanyName":"Karkki Oy"}]},{"id":50,"ProductName":"Valkoinen suklaa","UnitPrice":16.2500,"UnitsInStock":65,"Suppliers":[{"CompanyName":"Karkki Oy"}]},{"id":51,"ProductName":"Manjimup Dried Apples","UnitPrice":53.0000,"UnitsInStock":20,"Suppliers":[{"CompanyName":"G'day, Mate"}]},{"id":52,"ProductName":"Filo Mix","UnitPrice":7.0000,"UnitsInStock":38,"Suppliers":[{"CompanyName":"G'day, Mate"}]},{"id":53,"ProductName":"Perth Pasties","UnitPrice":32.8000,"UnitsInStock":0,"Suppliers":[{"CompanyName":"G'day, Mate"}]},{"id":54,"ProductName":"Tourtière","UnitPrice":7.4500,"UnitsInStock":21,"Suppliers":[{"CompanyName":"Ma Maison"}]},{"id":55,"ProductName":"Pâté chinois","UnitPrice":24.0000,"UnitsInStock":115,"Suppliers":[{"CompanyName":"Ma Maison"}]},{"id":56,"ProductName":"Gnocchi di nonna Alice","UnitPrice":38.0000,"UnitsInStock":21,"Suppliers":[{"CompanyName":"Pasta Buttini s.r.l."}]},{"id":57,"ProductName":"Ravioli Angelo","UnitPrice":19.5000,"UnitsInStock":36,"Suppliers":[{"CompanyName":"Pasta Buttini s.r.l."}]},{"id":58,"ProductName":"Escargots de Bourgogne","UnitPrice":13.2500,"UnitsInStock":62,"Suppliers":[{"CompanyName":"Escargots Nouveaux"}]},{"id":59,"ProductName":"Raclette Courdavault","UnitPrice":55.0000,"UnitsInStock":79,"Suppliers":[{"CompanyName":"Gai pâturage"}]},{"id":60,"ProductName":"Camembert Pierrot","UnitPrice":34.0000,"UnitsInStock":19,"Suppliers":[{"CompanyName":"Gai pâturage"}]},{"id":61,"ProductName":"Sirop d'érable","UnitPrice":28.5000,"UnitsInStock":113,"Suppliers":[{"CompanyName":"Forêts d'érables"}]},{"id":62,"ProductName":"Tarte au sucre","UnitPrice":49.3000,"UnitsInStock":17,"Suppliers":[{"CompanyName":"Forêts d'érables"}]},{"id":63,"ProductName":"Vegie-spread","UnitPrice":43.9000,"UnitsInStock":24,"Suppliers":[{"CompanyName":"Pavlova, Ltd."}]},{"id":64,"ProductName":"Wimmers gute Semmelknödel","UnitPrice":33.2500,"UnitsInStock":22,"Suppliers":[{"CompanyName":"Plutzer Lebensmittelgroßmärkte AG"}]},{"id":65,"ProductName":"Louisiana Fiery Hot Pepper Sauce","UnitPrice":21.0500,"UnitsInStock":76,"Suppliers":[{"CompanyName":"New Orleans Cajun Delights"}]},{"id":66,"ProductName":"Louisiana Hot Spiced Okra","UnitPrice":17.0000,"UnitsInStock":4,"Suppliers":[{"CompanyName":"New Orleans Cajun Delights"}]},{"id":67,"ProductName":"Laughing Lumberjack Lager","UnitPrice":14.0000,"UnitsInStock":52,"Suppliers":[{"CompanyName":"Bigfoot Breweries"}]},{"id":68,"ProductName":"Scottish Longbreads","UnitPrice":12.5000,"UnitsInStock":6,"Suppliers":[{"CompanyName":"Specialty Biscuits, Ltd."}]},{"id":69,"ProductName":"Gudbrandsdalsost","UnitPrice":36.0000,"UnitsInStock":26,"Suppliers":[{"CompanyName":"Norske Meierier"}]},{"id":70,"ProductName":"Outback Lager","UnitPrice":15.0000,"UnitsInStock":15,"Suppliers":[{"CompanyName":"Pavlova, Ltd."}]},{"id":71,"ProductName":"Flotemysost","UnitPrice":21.5000,"UnitsInStock":26,"Suppliers":[{"CompanyName":"Norske Meierier"}]},{"id":72,"ProductName":"Mozzarella di Giovanni","UnitPrice":34.8000,"UnitsInStock":14,"Suppliers":[{"CompanyName":"Formaggi Fortini s.r.l."}]},{"id":73,"ProductName":"Röd Kaviar","UnitPrice":15.0000,"UnitsInStock":101,"Suppliers":[{"CompanyName":"Svensk Sjöföda AB"}]},{"id":74,"ProductName":"Longlife Tofu","UnitPrice":10.0000,"UnitsInStock":4,"Suppliers":[{"CompanyName":"Tokyo Traders"}]},{"id":75,"ProductName":"Rhönbräu Klosterbier","UnitPrice":7.7500,"UnitsInStock":125,"Suppliers":[{"CompanyName":"Plutzer Lebensmittelgroßmärkte AG"}]},{"id":76,"ProductName":"Lakkalikööri","UnitPrice":18.0000,"UnitsInStock":57,"Suppliers":[{"CompanyName":"Karkki Oy"}]},{"id":77,"ProductName":"Original Frankfurter grüne Soße","UnitPrice":13.0000,"UnitsInStock":32,"Suppliers":[{"CompanyName":"Plutzer Lebensmittelgroßmärkte AG"}]}]
}